{
    "h1": "white_rook",
    "g1": "white_knight",
    "f1": "white_bishop",
    "e1": "white_king",
    "d1": "white_queen",
    "c1": "white_bishop",
    "b1": "white_knight",
    "a1": "white_rook",
    "h2": "white_pawn",
    "g2": "white_pawn",
    "f2": "white_pawn",
    "e2": "white_pawn",
    "d2": "white_pawn",
    "c2": "white_pawn",
    "b2": "white_pawn",
    "a2": "white_pawn",
    "h3": "empty",
    "g3": "empty",
    "f3": "empty",
    "e3": "empty",
    "d3": "empty",
    "c3": "empty",
    "b3": "empty",
    "a3": "empty",
    "h4": "empty",
    "g4": "empty",
    "f4": "empty",
    "e4": "empty",
    "d4": "empty",
    "c4": "empty",
    "b4": "empty",
    "a4": "empty",
    "h5": "empty",
    "g5": "empty",
    "f5": "empty",
    "e5": "empty",
    "d5": "empty",
    "c5": "empty",
    "b5": "empty",
    "a5": "empty",
    "h6": "empty",
    "g6": "empty",
    "f6": "empty",
    "e6": "empty",
    "d6": "empty",
    "c6": "empty",
    "b6": "empty",
    "a6": "empty",
    "h7": "black_pawn",
    "g7": "black_pawn",
    "f7": "black_pawn",
    "e7": "black_pawn",
    "d7": "black_pawn",
    "c7": "black_pawn",
    "b7": "black_pawn",
    "a7": "black_pawn",
    "h8": "black_rook",
    "g8": "black_knight",
    "f8": "black_bishop",
    "e8": "black_queen",
    "d8": "black_king",
    "c8": "black_bishop",
    "b8": "black_knight",
    "a8": "black_rook"
}