{
    "h1": "black_rook",
    "g1": "empty",
    "f1": "black_bishop",
    "e1": "black_king",
    "d1": "empty",
    "c1": "black_bishop",
    "b1": "empty",
    "a1": "black_rook",
    "h2": "black_pawn",
    "g2": "black_pawn",
    "f2": "black_pawn",
    "e2": "black_pawn",
    "d2": "empty",
    "c2": "empty",
    "b2": "black_pawn",
    "a2": "black_pawn",
    "h3": "empty",
    "g3": "empty",
    "f3": "black_knight",
    "e3": "empty",
    "d3": "empty",
    "c3": "black_knight",
    "b3": "empty",
    "a3": "empty",
    "h4": "empty",
    "g4": "empty",
    "f4": "empty",
    "e4": "empty",
    "d4": "empty",
    "c4": "empty",
    "b4": "empty",
    "a4": "empty",
    "h5": "empty",
    "g5": "empty",
    "f5": "empty",
    "e5": "empty",
    "d5": "empty",
    "c5": "empty",
    "b5": "empty",
    "a5": "empty",
    "h6": "empty",
    "g6": "empty",
    "f6": "white_pawn",
    "e6": "empty",
    "d6": "empty",
    "c6": "white_pawn",
    "b6": "empty",
    "a6": "empty",
    "h7": "white_pawn",
    "g7": "black_queen",
    "f7": "empty",
    "e7": "empty",
    "d7": "white_queen",
    "c7": "empty",
    "b7": "white_pawn",
    "a7": "white_pawn",
    "h8": "white_rook",
    "g8": "white_knight",
    "f8": "empty",
    "e8": "empty",
    "d8": "white_king",
    "c8": "white_bishop",
    "b8": "empty",
    "a8": "white_rook"
}