{
  "g8": [
		{"T":104,"x":300,"y":0,"z":270,"t":3, "spd":0.4, "acc":2},
		{"T":104,"x":300.0232495,"y":-50,"z":270,"t":3, "spd":0.4, "acc":2},
		{"T":104,"x":300.0232495,"y":-50,"z":270,"t":3.897845182, "spd":0.4, "acc":2},
		{"T":104,"x":367.6600283,"y":-90.57026194,"z":10,"t":3.897845182, "spd":0.4, "acc":2, "grab": true}, 
		{"T":104,"x":367.6600283,"y":-90.57026194,"z":190,"t":3.897845182, "spd":0.4, "acc":2},
		{"T":104,"x":300,"y":0,"z":270,"t":3, "spd":0.4, "acc":10}
  ],
  "a2": [...],
  ...
  "h8": [...]
}
